example_id,Multi_correct,Multi_extracted_answer,Multi_state,Multi-Bag_correct,Multi-Bag_extracted_answer,Multi-Bag_state,Multi-R2_correct,Multi-R2_extracted_answer,Multi-R2_state,Multi-R3.5_correct,Multi-R3.5_extracted_answer,Multi-R3.5_state
0,True,18,correct,True,18,correct,True,18,correct,True,18,correct
1,True,3,correct,True,3,correct,True,3,correct,True,3,correct
2,False,"50,000",valid_wrong,False,"65,000",valid_wrong,False,"65,000",valid_wrong,False,"65,000",valid_wrong
3,True,540,correct,True,540,correct,True,540,correct,True,540,correct
4,True,20,correct,True,20,correct,True,20,correct,True,20,correct
5,True,64,correct,False,[invalid],invalid,False,[invalid],invalid,False,[invalid],invalid
6,True,260,correct,True,260,correct,True,260,correct,True,260,correct
7,False,60,valid_wrong,False,80,valid_wrong,False,80,valid_wrong,False,80,valid_wrong
8,False,275,valid_wrong,False,395,valid_wrong,False,320,valid_wrong,False,320,valid_wrong
9,False,100,valid_wrong,True,460,correct,True,460,correct,True,460,correct
10,False,294,valid_wrong,False,294,valid_wrong,False,294,valid_wrong,False,294,valid_wrong
11,True,694,correct,True,694,correct,True,694,correct,True,694,correct
12,False,82.5,valid_wrong,False,11,valid_wrong,False,82.5,valid_wrong,False,11,valid_wrong
13,False,[invalid],invalid,False,15,valid_wrong,False,16,valid_wrong,False,[invalid],invalid
14,False,55,valid_wrong,False,55,valid_wrong,False,55,valid_wrong,False,55,valid_wrong
15,False,221,valid_wrong,False,221,valid_wrong,False,[invalid],invalid,False,221,valid_wrong
16,True,230,correct,True,230,correct,True,230,correct,True,230,correct
17,True,57500,correct,True,57500,correct,True,57500,correct,True,57500,correct
18,True,7,correct,False,1,valid_wrong,False,1,valid_wrong,True,7,correct
19,False,3,valid_wrong,True,6,correct,True,6,correct,False,3,valid_wrong
20,False,[invalid],invalid,False,[invalid],invalid,False,[invalid],invalid,False,[invalid],invalid
21,False,23,valid_wrong,False,8,valid_wrong,False,23,valid_wrong,False,8,valid_wrong
22,True,7,correct,True,7,correct,True,7,correct,True,7,correct
23,True,8,correct,True,8,correct,True,8,correct,True,8,correct
24,True,26,correct,True,26,correct,True,26,correct,True,26,correct
25,True,2,correct,True,2,correct,True,2,correct,True,2,correct
26,True,243,correct,True,243,correct,True,243,correct,True,243,correct
27,False,240,valid_wrong,False,240,valid_wrong,False,240,valid_wrong,False,240,valid_wrong
28,True,25,correct,True,25,correct,True,25,correct,True,25,correct
29,True,104,correct,True,104,correct,True,104,correct,True,104,correct
30,True,109,correct,True,109,correct,True,109,correct,True,109,correct
31,False,68,valid_wrong,True,80,correct,False,78,valid_wrong,True,80,correct
32,True,35,correct,True,35,correct,True,35,correct,True,35,correct
33,True,70,correct,False,40,valid_wrong,True,70,correct,True,70,correct
34,True,23,correct,True,23,correct,True,23,correct,True,23,correct
35,False,12,valid_wrong,False,12,valid_wrong,False,12,valid_wrong,False,18,valid_wrong
36,False,150,valid_wrong,False,15,valid_wrong,False,300,valid_wrong,False,15,valid_wrong
37,False,30,valid_wrong,False,30,valid_wrong,False,30,valid_wrong,False,30,valid_wrong
38,False,7,valid_wrong,False,7,valid_wrong,False,6,valid_wrong,True,10,correct
39,False,72,valid_wrong,False,72,valid_wrong,False,60,valid_wrong,False,72,valid_wrong
40,True,8,correct,True,8,correct,True,8,correct,True,8,correct
41,True,200,correct,True,200,correct,True,200,correct,True,200,correct
42,True,26,correct,True,26,correct,True,26,correct,True,26,correct
43,False,60,valid_wrong,False,60,valid_wrong,False,60,valid_wrong,False,2400,valid_wrong
44,True,20,correct,True,20,correct,True,20,correct,True,20,correct
45,False,44,valid_wrong,False,44,valid_wrong,False,44,valid_wrong,False,44,valid_wrong
46,False,277,valid_wrong,False,243,valid_wrong,False,[invalid],invalid,False,320,valid_wrong
47,False,2600,valid_wrong,False,24200,valid_wrong,False,2600,valid_wrong,False,24200,valid_wrong
48,True,8,correct,True,8,correct,True,8,correct,True,8,correct
49,True,30,correct,True,30,correct,True,30,correct,True,30,correct
50,True,294,correct,True,294,correct,True,294,correct,True,294,correct
51,True,5,correct,True,5,correct,True,5,correct,True,5,correct
52,False,0,valid_wrong,False,0,valid_wrong,False,60,valid_wrong,True,15,correct
53,True,40,correct,True,40,correct,False,80,valid_wrong,False,80,valid_wrong
54,False,33,valid_wrong,False,33,valid_wrong,True,40,correct,False,33,valid_wrong
55,True,14,correct,True,14,correct,True,14,correct,True,14,correct
56,True,3,correct,True,3,correct,True,3,correct,True,3,correct
57,True,83,correct,True,83,correct,True,83,correct,True,83,correct
58,True,57,correct,True,57,correct,False,58.75,valid_wrong,False,17,valid_wrong
59,True,187,correct,True,187,correct,True,187,correct,True,187,correct
60,False,18,valid_wrong,False,18,valid_wrong,False,18,valid_wrong,False,22,valid_wrong
61,True,1430,correct,True,1430,correct,True,1430,correct,True,1430,correct
62,False,40000,valid_wrong,False,"45,000",valid_wrong,False,"40,000",valid_wrong,False,"45,000",valid_wrong
63,False,1680,valid_wrong,False,2520,valid_wrong,False,3192,valid_wrong,False,1680,valid_wrong
64,True,300,correct,False,144,valid_wrong,True,300,correct,True,300,correct
65,True,36,correct,True,36,correct,True,36,correct,True,36,correct
66,False,44,valid_wrong,False,44,valid_wrong,False,44,valid_wrong,False,44,valid_wrong
67,True,595,correct,True,595,correct,True,595,correct,True,595,correct
68,True,36,correct,True,36,correct,True,36,correct,True,36,correct
69,True,60,correct,True,60,correct,True,60,correct,True,60,correct
70,False,615,valid_wrong,False,615,valid_wrong,False,615,valid_wrong,False,615,valid_wrong
71,True,60,correct,True,60,correct,True,60,correct,True,60,correct
72,True,221,correct,True,221,correct,True,221,correct,True,221,correct
73,True,255,correct,True,255,correct,True,255,correct,False,[invalid],invalid
74,False,86,valid_wrong,False,86,valid_wrong,False,254,valid_wrong,False,86,valid_wrong
75,False,7,valid_wrong,False,7,valid_wrong,False,7,valid_wrong,False,7.5,valid_wrong
76,True,5,correct,True,5,correct,True,5,correct,False,8,valid_wrong
77,True,100,correct,True,100,correct,True,100,correct,True,100,correct
78,False,12,valid_wrong,False,12,valid_wrong,False,27,valid_wrong,False,27,valid_wrong
79,True,70,correct,True,70,correct,True,70,correct,True,70,correct
80,False,14,valid_wrong,False,14,valid_wrong,False,14,valid_wrong,False,14,valid_wrong
81,True,17,correct,True,17,correct,True,17,correct,True,17,correct
82,True,623,correct,True,623,correct,True,623,correct,True,623,correct
83,True,600,correct,True,600,correct,True,600,correct,True,600,correct
84,True,15,correct,False,[invalid],invalid,False,6,valid_wrong,False,4,valid_wrong
85,True,44,correct,True,44,correct,True,44,correct,True,44,correct
86,True,22,correct,True,22,correct,True,22,correct,True,22,correct
87,False,798,valid_wrong,False,792,valid_wrong,False,792,valid_wrong,False,792,valid_wrong
88,True,8000,correct,True,8000,correct,True,8000,correct,True,8000,correct
89,True,24,correct,False,32,valid_wrong,True,24,correct,True,24,correct
90,True,225,correct,False,[invalid],invalid,False,[invalid],invalid,False,[invalid],invalid
91,True,28,correct,True,28,correct,True,28,correct,True,28,correct
92,True,4,correct,True,4,correct,True,4,correct,True,4,correct
93,False,32.4,valid_wrong,False,39.6,valid_wrong,False,39.6,valid_wrong,False,39.6,valid_wrong
94,True,348,correct,True,348,correct,True,348,correct,True,348,correct
95,True,40,correct,True,40,correct,True,40,correct,True,40,correct
96,True,3,correct,True,3,correct,True,3,correct,True,3,correct
97,False,48,valid_wrong,False,6,valid_wrong,False,6,valid_wrong,False,48,valid_wrong
98,True,5,correct,False,15,valid_wrong,False,15,valid_wrong,True,5,correct
99,True,58,correct,True,58,correct,True,58,correct,True,58,correct
