scope,layer,module,module_type,num_weights,matrix_count,negative_count,negative_sum_fraction
matrix,0,attn_out,attn_out,16777216,,8393955,0.500318706035614
matrix,0,ff_out,ff_out,50331648,,25171692,0.5001165866851807
matrix,0,q_proj,q_proj,16777216,,8372578,0.4990445375442505
matrix,0,k_proj,k_proj,16777216,,8325297,0.49622637033462524
matrix,0,v_proj,v_proj,16777216,,8390644,0.5001213550567627
matrix,0,ff_proj,ff_proj,50331648,,25179915,0.50027996301651
matrix,0,up_proj,up_proj,50331648,,25181766,0.5003167390823364
matrix,1,attn_out,attn_out,16777216,,8387925,0.4999592900276184
matrix,1,ff_out,ff_out,50331648,,25164628,0.4999762376149495
matrix,1,q_proj,q_proj,16777216,,8381921,0.49960142374038696
matrix,1,k_proj,k_proj,16777216,,8330807,0.49655479192733765
matrix,1,v_proj,v_proj,16777216,,8386841,0.4998946785926819
matrix,1,ff_proj,ff_proj,50331648,,25161753,0.4999191164970398
matrix,1,up_proj,up_proj,50331648,,25156718,0.4998190800348918
matrix,2,attn_out,attn_out,16777216,,8375372,0.49921107292175293
matrix,2,ff_out,ff_out,50331648,,25168352,0.5000502268473307
matrix,2,q_proj,q_proj,16777216,,8363274,0.49848997592926025
matrix,2,k_proj,k_proj,16777216,,8349620,0.49767613410949707
matrix,2,v_proj,v_proj,16777216,,8379000,0.49942731857299805
matrix,2,ff_proj,ff_proj,50331648,,25161039,0.49990493059158325
matrix,2,up_proj,up_proj,50331648,,25159710,0.49987852573394775
matrix,3,attn_out,attn_out,16777216,,8375441,0.49921518564224243
matrix,3,ff_out,ff_out,50331648,,25165499,0.49999354283014935
matrix,3,q_proj,q_proj,16777216,,8380416,0.49951171875
matrix,3,k_proj,k_proj,16777216,,8376738,0.4992924928665161
matrix,3,v_proj,v_proj,16777216,,8374124,0.49913668632507324
matrix,3,ff_proj,ff_proj,50331648,,25165059,0.4999848008155823
matrix,3,up_proj,up_proj,50331648,,25165178,0.4999871651331584
matrix,4,attn_out,attn_out,16777216,,8389121,0.5000305771827698
matrix,4,ff_out,ff_out,50331648,,25167985,0.5000429352124532
matrix,4,q_proj,q_proj,16777216,,8377930,0.4993635416030884
matrix,4,k_proj,k_proj,16777216,,8388941,0.5000198483467102
matrix,4,v_proj,v_proj,16777216,,8393149,0.500270664691925
matrix,4,ff_proj,ff_proj,50331648,,25162497,0.4999338984489441
matrix,4,up_proj,up_proj,50331648,,25168308,0.500049352645874
matrix,5,attn_out,attn_out,16777216,,8394018,0.5003224611282349
matrix,5,ff_out,ff_out,50331648,,25166163,0.5000067353248596
matrix,5,q_proj,q_proj,16777216,,8384471,0.4997534155845642
matrix,5,k_proj,k_proj,16777216,,8390462,0.5001105070114136
matrix,5,v_proj,v_proj,16777216,,8391729,0.500186026096344
matrix,5,ff_proj,ff_proj,50331648,,25163731,0.4999584158261617
matrix,5,up_proj,up_proj,50331648,,25161673,0.49991752703984577
matrix,6,attn_out,attn_out,16777216,,8389403,0.5000473856925964
matrix,6,ff_out,ff_out,50331648,,25165044,0.4999845027923584
matrix,6,q_proj,q_proj,16777216,,8382407,0.4996303915977478
matrix,6,k_proj,k_proj,16777216,,8377299,0.4993259310722351
matrix,6,v_proj,v_proj,16777216,,8385329,0.4998045563697815
matrix,6,ff_proj,ff_proj,50331648,,25170708,0.5000970363616943
matrix,6,up_proj,up_proj,50331648,,25162238,0.4999287525812785
matrix,7,attn_out,attn_out,16777216,,8389398,0.5000470876693726
matrix,7,ff_out,ff_out,50331648,,25167285,0.5000290274620056
matrix,7,q_proj,q_proj,16777216,,8381415,0.4995712637901306
matrix,7,k_proj,k_proj,16777216,,8381957,0.4996035695075989
matrix,7,v_proj,v_proj,16777216,,8389699,0.50006502866745
matrix,7,ff_proj,ff_proj,50331648,,25172500,0.5001326402028402
matrix,7,up_proj,up_proj,50331648,,25165758,0.49999868869781494
matrix,8,attn_out,attn_out,16777216,,8392785,0.5002489686012268
matrix,8,ff_out,ff_out,50331648,,25167424,0.5000317891438802
matrix,8,q_proj,q_proj,16777216,,8391209,0.5001550316810608
matrix,8,k_proj,k_proj,16777216,,8388353,0.4999848008155823
matrix,8,v_proj,v_proj,16777216,,8393549,0.5002945065498352
matrix,8,ff_proj,ff_proj,50331648,,25168467,0.5000525116920471
matrix,8,up_proj,up_proj,50331648,,25169134,0.5000657637914022
matrix,9,attn_out,attn_out,16777216,,8389657,0.5000625252723694
matrix,9,ff_out,ff_out,50331648,,25173431,0.5001511375109354
matrix,9,q_proj,q_proj,16777216,,8389335,0.5000433325767517
matrix,9,k_proj,k_proj,16777216,,8388187,0.49997490644454956
matrix,9,v_proj,v_proj,16777216,,8386633,0.4998822808265686
matrix,9,ff_proj,ff_proj,50331648,,25188977,0.5004600087801615
matrix,9,up_proj,up_proj,50331648,,25177910,0.5002401272455851
matrix,10,attn_out,attn_out,16777216,,8384337,0.4997454285621643
matrix,10,ff_out,ff_out,50331648,,25169473,0.5000724991162618
matrix,10,q_proj,q_proj,16777216,,8378932,0.4994232654571533
matrix,10,k_proj,k_proj,16777216,,8379035,0.4994294047355652
matrix,10,v_proj,v_proj,16777216,,8381151,0.4995555281639099
matrix,10,ff_proj,ff_proj,50331648,,25170486,0.500092625617981
matrix,10,up_proj,up_proj,50331648,,25165618,0.4999959071477254
matrix,11,attn_out,attn_out,16777216,,8390348,0.5001037120819092
matrix,11,ff_out,ff_out,50331648,,25171979,0.5001222888628641
matrix,11,q_proj,q_proj,16777216,,8386912,0.49989891052246094
matrix,11,k_proj,k_proj,16777216,,8383444,0.4996922016143799
matrix,11,v_proj,v_proj,16777216,,8389141,0.5000317692756653
matrix,11,ff_proj,ff_proj,50331648,,25169398,0.5000710090001425
matrix,11,up_proj,up_proj,50331648,,25171475,0.5001122752825419
matrix,12,attn_out,attn_out,16777216,,8392681,0.5002427697181702
matrix,12,ff_out,ff_out,50331648,,25166130,0.5000060796737671
matrix,12,q_proj,q_proj,16777216,,8390268,0.5000989437103271
matrix,12,k_proj,k_proj,16777216,,8387805,0.49995213747024536
matrix,12,v_proj,v_proj,16777216,,8391643,0.5001809000968933
matrix,12,ff_proj,ff_proj,50331648,,25172174,0.5001261631647745
matrix,12,up_proj,up_proj,50331648,,25168068,0.500044584274292
matrix,13,attn_out,attn_out,16777216,,8394063,0.5003251433372498
matrix,13,ff_out,ff_out,50331648,,25165970,0.500002900759379
matrix,13,q_proj,q_proj,16777216,,8382006,0.49960649013519287
matrix,13,k_proj,k_proj,16777216,,8379571,0.4994613528251648
matrix,13,v_proj,v_proj,16777216,,8388812,0.5000121593475342
matrix,13,ff_proj,ff_proj,50331648,,25182199,0.500325342019399
matrix,13,up_proj,up_proj,50331648,,25165097,0.49998555580774945
matrix,14,attn_out,attn_out,16777216,,8393625,0.5002990365028381
matrix,14,ff_out,ff_out,50331648,,25159444,0.49987324078877765
matrix,14,q_proj,q_proj,16777216,,8394946,0.5003777742385864
matrix,14,k_proj,k_proj,16777216,,8389588,0.5000584125518799
matrix,14,v_proj,v_proj,16777216,,8393774,0.5003079175949097
matrix,14,ff_proj,ff_proj,50331648,,25169721,0.5000774264335632
matrix,14,up_proj,up_proj,50331648,,25172350,0.5001296599706014
matrix,15,attn_out,attn_out,16777216,,8386579,0.49987906217575073
matrix,15,ff_out,ff_out,50331648,,25163769,0.49995917081832886
matrix,15,q_proj,q_proj,16777216,,8382681,0.49964672327041626
matrix,15,k_proj,k_proj,16777216,,8385044,0.4997875690460205
matrix,15,v_proj,v_proj,16777216,,8387295,0.4999217391014099
matrix,15,ff_proj,ff_proj,50331648,,25175060,0.5001835028330485
matrix,15,up_proj,up_proj,50331648,,25161908,0.4999221960703532
matrix,16,attn_out,attn_out,16777216,,8392375,0.5002245306968689
matrix,16,ff_out,ff_out,50331648,,25163743,0.4999586542447408
matrix,16,q_proj,q_proj,16777216,,8383285,0.4996827244758606
matrix,16,k_proj,k_proj,16777216,,8384798,0.49977290630340576
matrix,16,v_proj,v_proj,16777216,,8388609,0.5000000596046448
matrix,16,ff_proj,ff_proj,50331648,,25182224,0.5003258387247721
matrix,16,up_proj,up_proj,50331648,,25165749,0.4999985098838806
matrix,17,attn_out,attn_out,16777216,,8385921,0.4998398423194885
matrix,17,ff_out,ff_out,50331648,,25172334,0.5001293420791626
matrix,17,q_proj,q_proj,16777216,,8384916,0.49977993965148926
matrix,17,k_proj,k_proj,16777216,,8386478,0.4998730421066284
matrix,17,v_proj,v_proj,16777216,,8386066,0.49984848499298096
matrix,17,ff_proj,ff_proj,50331648,,25193277,0.5005454421043396
matrix,17,up_proj,up_proj,50331648,,25173497,0.5001524488131205
matrix,18,attn_out,attn_out,16777216,,8383700,0.4997074604034424
matrix,18,ff_out,ff_out,50331648,,25160375,0.499891738096873
matrix,18,q_proj,q_proj,16777216,,8389036,0.5000255107879639
matrix,18,k_proj,k_proj,16777216,,8390715,0.5001255869865417
matrix,18,v_proj,v_proj,16777216,,8384970,0.49978315830230713
matrix,18,ff_proj,ff_proj,50331648,,25194480,0.5005693435668945
matrix,18,up_proj,up_proj,50331648,,25173088,0.5001443227132162
matrix,19,attn_out,attn_out,16777216,,8384642,0.4997636079788208
matrix,19,ff_out,ff_out,50331648,,25161568,0.4999154408772786
matrix,19,q_proj,q_proj,16777216,,8386863,0.49989598989486694
matrix,19,k_proj,k_proj,16777216,,8387451,0.4999310374259949
matrix,19,v_proj,v_proj,16777216,,8382685,0.49964696168899536
matrix,19,ff_proj,ff_proj,50331648,,25170315,0.5000892281532288
matrix,19,up_proj,up_proj,50331648,,25165787,0.4999992648760478
matrix,20,attn_out,attn_out,16777216,,8392378,0.5002247095108032
matrix,20,ff_out,ff_out,50331648,,25167735,0.5000379681587219
matrix,20,q_proj,q_proj,16777216,,8389578,0.5000578165054321
matrix,20,k_proj,k_proj,16777216,,8385160,0.49979448318481445
matrix,20,v_proj,v_proj,16777216,,8394862,0.5003727674484253
matrix,20,ff_proj,ff_proj,50331648,,25178589,0.5002536177635193
matrix,20,up_proj,up_proj,50331648,,25162170,0.4999274015426636
matrix,21,attn_out,attn_out,16777216,,8392311,0.5002207159996033
matrix,21,ff_out,ff_out,50331648,,25169662,0.5000762542088827
matrix,21,q_proj,q_proj,16777216,,8391766,0.5001882314682007
matrix,21,k_proj,k_proj,16777216,,8396246,0.5004552602767944
matrix,21,v_proj,v_proj,16777216,,8391356,0.5001637935638428
matrix,21,ff_proj,ff_proj,50331648,,25189436,0.5004691282908121
matrix,21,up_proj,up_proj,50331648,,25170286,0.500088651974996
matrix,22,attn_out,attn_out,16777216,,8389940,0.5000793933868408
matrix,22,ff_out,ff_out,50331648,,25164670,0.4999770720799764
matrix,22,q_proj,q_proj,16777216,,8383662,0.4997051954269409
matrix,22,k_proj,k_proj,16777216,,8383292,0.499683141708374
matrix,22,v_proj,v_proj,16777216,,8390194,0.5000945329666138
matrix,22,ff_proj,ff_proj,50331648,,25189447,0.5004693468411764
matrix,22,up_proj,up_proj,50331648,,25165728,0.4999980926513672
matrix,23,attn_out,attn_out,16777216,,8387707,0.4999462962150574
matrix,23,ff_out,ff_out,50331648,,25165610,0.49999574820200604
matrix,23,q_proj,q_proj,16777216,,8376849,0.4992991089820862
matrix,23,k_proj,k_proj,16777216,,8382060,0.49960970878601074
matrix,23,v_proj,v_proj,16777216,,8385449,0.49981170892715454
matrix,23,ff_proj,ff_proj,50331648,,25194767,0.500575045744578
matrix,23,up_proj,up_proj,50331648,,25166513,0.5000136892000834
matrix,24,attn_out,attn_out,16777216,,8394421,0.5003464818000793
matrix,24,ff_out,ff_out,50331648,,25163002,0.49994393189748126
matrix,24,q_proj,q_proj,16777216,,8387659,0.49994343519210815
matrix,24,k_proj,k_proj,16777216,,8384771,0.4997712969779968
matrix,24,v_proj,v_proj,16777216,,8394177,0.5003319382667542
matrix,24,ff_proj,ff_proj,50331648,,25196923,0.5006178816159567
matrix,24,up_proj,up_proj,50331648,,25169653,0.5000760753949484
matrix,25,attn_out,attn_out,16777216,,8397855,0.500551164150238
matrix,25,ff_out,ff_out,50331648,,25166892,0.50002121925354
matrix,25,q_proj,q_proj,16777216,,8387365,0.4999259114265442
matrix,25,k_proj,k_proj,16777216,,8384243,0.4997398257255554
matrix,25,v_proj,v_proj,16777216,,8398375,0.5005821585655212
matrix,25,ff_proj,ff_proj,50331648,,25198271,0.5006446639696757
matrix,25,up_proj,up_proj,50331648,,25175108,0.5001844565073649
matrix,26,attn_out,attn_out,16777216,,8393477,0.5002902150154114
matrix,26,ff_out,ff_out,50331648,,25167055,0.5000244577725729
matrix,26,q_proj,q_proj,16777216,,8389703,0.500065267086029
matrix,26,k_proj,k_proj,16777216,,8391422,0.500167727470398
matrix,26,v_proj,v_proj,16777216,,8394684,0.5003621578216553
matrix,26,ff_proj,ff_proj,50331648,,25195590,0.5005913972854614
matrix,26,up_proj,up_proj,50331648,,25176479,0.5002116958300272
matrix,27,attn_out,attn_out,16777216,,8395472,0.5004091262817383
matrix,27,ff_out,ff_out,50331648,,25167061,0.5000245769818624
matrix,27,q_proj,q_proj,16777216,,8397158,0.5005096197128296
matrix,27,k_proj,k_proj,16777216,,8393566,0.5002955198287964
matrix,27,v_proj,v_proj,16777216,,8397268,0.5005161762237549
matrix,27,ff_proj,ff_proj,50331648,,25181187,0.5003052353858948
matrix,27,up_proj,up_proj,50331648,,25167571,0.5000347097714742
matrix,28,attn_out,attn_out,16777216,,8397469,0.5005281567573547
matrix,28,ff_out,ff_out,50331648,,25162566,0.4999352693557739
matrix,28,q_proj,q_proj,16777216,,8392226,0.5002156496047974
matrix,28,k_proj,k_proj,16777216,,8392116,0.5002090930938721
matrix,28,v_proj,v_proj,16777216,,8395085,0.5003860592842102
matrix,28,ff_proj,ff_proj,50331648,,25178572,0.5002532800038656
matrix,28,up_proj,up_proj,50331648,,25172601,0.5001346468925476
matrix,29,attn_out,attn_out,16777216,,8394339,0.5003415942192078
matrix,29,ff_out,ff_out,50331648,,25166876,0.5000209013621012
matrix,29,q_proj,q_proj,16777216,,8392470,0.5002301931381226
matrix,29,k_proj,k_proj,16777216,,8388558,0.49999701976776123
matrix,29,v_proj,v_proj,16777216,,8393555,0.5002948641777039
matrix,29,ff_proj,ff_proj,50331648,,25172222,0.500127116839091
matrix,29,up_proj,up_proj,50331648,,25171340,0.500109593073527
matrix,30,attn_out,attn_out,16777216,,8394468,0.5003492832183838
matrix,30,ff_out,ff_out,50331648,,25167923,0.5000417033831278
matrix,30,q_proj,q_proj,16777216,,8398577,0.5005941987037659
matrix,30,k_proj,k_proj,16777216,,8399099,0.5006253123283386
matrix,30,v_proj,v_proj,16777216,,8393653,0.5003007054328918
matrix,30,ff_proj,ff_proj,50331648,,25159974,0.499883770942688
matrix,30,up_proj,up_proj,50331648,,25148514,0.499656081199646
matrix,31,attn_out,attn_out,16777216,,8394851,0.5003721117973328
matrix,31,ff_out,ff_out,50331648,,25167762,0.5000385046005249
matrix,31,q_proj,q_proj,16777216,,8397866,0.5005518198013306
matrix,31,k_proj,k_proj,16777216,,8394089,0.5003266930580139
matrix,31,v_proj,v_proj,16777216,,8394914,0.5003758668899536
matrix,31,ff_proj,ff_proj,50331648,,25166383,0.5000111063321432
matrix,31,up_proj,up_proj,50331648,,25153781,0.4997607270876567
weighted_overall,,,all,6979321856,224,3489889558,0.5000327581969591
module_type,,,attn_out,536870912,32,268490034,0.5001016594469547
module_type,,,ff_out,1610612736,32,805329102,0.5000141151249409
module_type,,,ff_proj,1610612736,32,805675341,0.5002290885895491
module_type,,,k_proj,536870912,32,268226212,0.4996102526783943
module_type,,,q_proj,536870912,32,268349680,0.49984022974967957
module_type,,,up_proj,1610612736,32,805350774,0.5000275708734989
module_type,,,v_proj,536870912,32,268468415,0.5000613909214735
