scope,layer,module,module_type,num_weights,mean,min,p50,p90,p99,max,quantile_sample_size,sample_indices_sha256
matrix,0,attn_out,attn_out,16777216,0.1295715570449829,0.0,0.10620994865894318,0.27725276350975037,0.4341853857040405,0.7785056829452515,1000000,e5abf7b1d774ecb3cee2b7669f355349b7f3b9a09f4d126b97957d809d94daa2
matrix,0,ff_out,ff_out,50331648,0.08407042175531387,0.0,0.059072040021419525,0.1972029060125351,0.3576149344444275,0.9375500679016113,1000000,2416eaf903555bb49df8c6b241c28907b3f0995ad7420289ee59c5aab243f0ee
matrix,0,q_proj,q_proj,16777216,0.07291582971811295,0.0,0.04845969378948212,0.177412211894989,0.3288607597351074,0.8528300523757935,1000000,e5abf7b1d774ecb3cee2b7669f355349b7f3b9a09f4d126b97957d809d94daa2
matrix,0,k_proj,k_proj,16777216,0.08275426179170609,0.0,0.05309782177209854,0.2039802521467209,0.38930562138557434,0.8448750376701355,1000000,e5abf7b1d774ecb3cee2b7669f355349b7f3b9a09f4d126b97957d809d94daa2
matrix,0,v_proj,v_proj,16777216,0.11979594826698303,0.0,0.09285517036914825,0.2669796645641327,0.43731391429901123,0.837880551815033,1000000,e5abf7b1d774ecb3cee2b7669f355349b7f3b9a09f4d126b97957d809d94daa2
matrix,0,ff_proj,ff_proj,50331648,0.06273722648620605,0.0,0.03968256711959839,0.15456204116344452,0.3043658137321472,0.8352601528167725,1000000,2416eaf903555bb49df8c6b241c28907b3f0995ad7420289ee59c5aab243f0ee
matrix,0,up_proj,up_proj,50331648,0.06302890181541443,0.0,0.03976356238126755,0.15525251626968384,0.3055756688117981,0.8040764331817627,1000000,2416eaf903555bb49df8c6b241c28907b3f0995ad7420289ee59c5aab243f0ee
matrix,1,attn_out,attn_out,16777216,0.11262833327054977,0.0,0.08900801837444305,0.24658046662807465,0.4004617929458618,0.8460026383399963,1000000,e5abf7b1d774ecb3cee2b7669f355349b7f3b9a09f4d126b97957d809d94daa2
matrix,1,ff_out,ff_out,50331648,0.10181634873151779,0.0,0.07819128036499023,0.22591033577919006,0.38659945130348206,0.9013744592666626,1000000,2416eaf903555bb49df8c6b241c28907b3f0995ad7420289ee59c5aab243f0ee
matrix,1,q_proj,q_proj,16777216,0.03224979341030121,0.0,0.007069578394293785,0.09421764314174652,0.31194832921028137,0.8745061159133911,1000000,e5abf7b1d774ecb3cee2b7669f355349b7f3b9a09f4d126b97957d809d94daa2
matrix,1,k_proj,k_proj,16777216,0.0387587770819664,0.0,0.009005436673760414,0.11688247323036194,0.3436974585056305,0.8857517242431641,1000000,e5abf7b1d774ecb3cee2b7669f355349b7f3b9a09f4d126b97957d809d94daa2
matrix,1,v_proj,v_proj,16777216,0.07943820208311081,0.0,0.05098759010434151,0.19771885871887207,0.3669716715812683,0.859429657459259,1000000,e5abf7b1d774ecb3cee2b7669f355349b7f3b9a09f4d126b97957d809d94daa2
matrix,1,ff_proj,ff_proj,50331648,0.08373024314641953,0.0,0.060442231595516205,0.19378602504730225,0.34517985582351685,0.902233362197876,1000000,2416eaf903555bb49df8c6b241c28907b3f0995ad7420289ee59c5aab243f0ee
matrix,1,up_proj,up_proj,50331648,0.08423519879579544,0.0,0.06118887662887573,0.19423429667949677,0.3442523181438446,0.8775660395622253,1000000,2416eaf903555bb49df8c6b241c28907b3f0995ad7420289ee59c5aab243f0ee
matrix,2,attn_out,attn_out,16777216,0.12185394763946533,0.0,0.09957543015480042,0.26047423481941223,0.4119195342063904,0.8088831901550293,1000000,e5abf7b1d774ecb3cee2b7669f355349b7f3b9a09f4d126b97957d809d94daa2
matrix,2,ff_out,ff_out,50331648,0.11678174883127213,0.0,0.09361936151981354,0.250731498003006,0.41378331184387207,0.9388499855995178,1000000,2416eaf903555bb49df8c6b241c28907b3f0995ad7420289ee59c5aab243f0ee
matrix,2,q_proj,q_proj,16777216,0.05267497897148132,0.0,0.0199972502887249,0.15255306661128998,0.34880903363227844,0.8778871893882751,1000000,e5abf7b1d774ecb3cee2b7669f355349b7f3b9a09f4d126b97957d809d94daa2
matrix,2,k_proj,k_proj,16777216,0.0549459345638752,0.0,0.019976293668150902,0.16212674975395203,0.36352407932281494,0.8730241060256958,1000000,e5abf7b1d774ecb3cee2b7669f355349b7f3b9a09f4d126b97957d809d94daa2
matrix,2,v_proj,v_proj,16777216,0.09710748493671417,0.0,0.06863865256309509,0.23288826644420624,0.3967471718788147,0.7690761089324951,1000000,e5abf7b1d774ecb3cee2b7669f355349b7f3b9a09f4d126b97957d809d94daa2
matrix,2,ff_proj,ff_proj,50331648,0.10266561061143875,0.0,0.08031594008207321,0.226394921541214,0.3766182065010071,0.8794150352478027,1000000,2416eaf903555bb49df8c6b241c28907b3f0995ad7420289ee59c5aab243f0ee
matrix,2,up_proj,up_proj,50331648,0.1034989133477211,0.0,0.08111375570297241,0.22773240506649017,0.3772880434989929,0.8893948793411255,1000000,2416eaf903555bb49df8c6b241c28907b3f0995ad7420289ee59c5aab243f0ee
matrix,3,attn_out,attn_out,16777216,0.12621071934700012,0.0,0.10375439375638962,0.2686021625995636,0.42439040541648865,0.8569602966308594,1000000,e5abf7b1d774ecb3cee2b7669f355349b7f3b9a09f4d126b97957d809d94daa2
matrix,3,ff_out,ff_out,50331648,0.12451394647359848,0.0,0.10221058130264282,0.26348307728767395,0.42603814601898193,0.9310057163238525,1000000,2416eaf903555bb49df8c6b241c28907b3f0995ad7420289ee59c5aab243f0ee
matrix,3,q_proj,q_proj,16777216,0.06394244730472565,0.0,0.03273175656795502,0.1707451045513153,0.3733280599117279,0.9050357937812805,1000000,e5abf7b1d774ecb3cee2b7669f355349b7f3b9a09f4d126b97957d809d94daa2
matrix,3,k_proj,k_proj,16777216,0.06406271457672119,0.0,0.03191771358251572,0.17374512553215027,0.36721158027648926,0.8653348088264465,1000000,e5abf7b1d774ecb3cee2b7669f355349b7f3b9a09f4d126b97957d809d94daa2
matrix,3,v_proj,v_proj,16777216,0.11823350191116333,0.0,0.09256164729595184,0.2640995383262634,0.4302223324775696,0.8273531794548035,1000000,e5abf7b1d774ecb3cee2b7669f355349b7f3b9a09f4d126b97957d809d94daa2
matrix,3,ff_proj,ff_proj,50331648,0.11574908345937729,0.0,0.09378238022327423,0.24848030507564545,0.40154150128364563,0.8535976409912109,1000000,2416eaf903555bb49df8c6b241c28907b3f0995ad7420289ee59c5aab243f0ee
matrix,3,up_proj,up_proj,50331648,0.11607427150011063,0.0,0.09449446946382523,0.2480941116809845,0.3975062370300293,0.870091438293457,1000000,2416eaf903555bb49df8c6b241c28907b3f0995ad7420289ee59c5aab243f0ee
matrix,4,attn_out,attn_out,16777216,0.12954114377498627,0.0,0.10763853043317795,0.27244770526885986,0.423794686794281,0.7847390174865723,1000000,e5abf7b1d774ecb3cee2b7669f355349b7f3b9a09f4d126b97957d809d94daa2
matrix,4,ff_out,ff_out,50331648,0.1272987574338913,0.0,0.10528557747602463,0.26741960644721985,0.4267185926437378,0.9349159002304077,1000000,2416eaf903555bb49df8c6b241c28907b3f0995ad7420289ee59c5aab243f0ee
matrix,4,q_proj,q_proj,16777216,0.08803071081638336,0.0,0.06010276451706886,0.21199218928813934,0.3859741687774658,0.8895501494407654,1000000,e5abf7b1d774ecb3cee2b7669f355349b7f3b9a09f4d126b97957d809d94daa2
matrix,4,k_proj,k_proj,16777216,0.08857594430446625,0.0,0.06003621965646744,0.21488629281520844,0.3863059878349304,0.8297157287597656,1000000,e5abf7b1d774ecb3cee2b7669f355349b7f3b9a09f4d126b97957d809d94daa2
matrix,4,v_proj,v_proj,16777216,0.12491291761398315,0.0,0.10148917138576508,0.27042847871780396,0.4262367784976959,0.8160642385482788,1000000,e5abf7b1d774ecb3cee2b7669f355349b7f3b9a09f4d126b97957d809d94daa2
matrix,4,ff_proj,ff_proj,50331648,0.1212359070777893,0.0,0.09967315196990967,0.2573210299015045,0.4107462465763092,0.8833884596824646,1000000,2416eaf903555bb49df8c6b241c28907b3f0995ad7420289ee59c5aab243f0ee
matrix,4,up_proj,up_proj,50331648,0.12096652388572693,0.0,0.09968733787536621,0.2556445300579071,0.4048531949520111,0.8454355597496033,1000000,2416eaf903555bb49df8c6b241c28907b3f0995ad7420289ee59c5aab243f0ee
matrix,5,attn_out,attn_out,16777216,0.13045057654380798,0.0,0.10920984297990799,0.27272117137908936,0.4246029257774353,0.7810301780700684,1000000,e5abf7b1d774ecb3cee2b7669f355349b7f3b9a09f4d126b97957d809d94daa2
matrix,5,ff_out,ff_out,50331648,0.12780927121639252,0.0,0.10616989433765411,0.2679939866065979,0.42460864782333374,0.9399204850196838,1000000,2416eaf903555bb49df8c6b241c28907b3f0995ad7420289ee59c5aab243f0ee
matrix,5,q_proj,q_proj,16777216,0.10721318423748016,0.0,0.07989576458930969,0.24247005581855774,0.43248018622398376,0.9036867022514343,1000000,e5abf7b1d774ecb3cee2b7669f355349b7f3b9a09f4d126b97957d809d94daa2
matrix,5,k_proj,k_proj,16777216,0.10203830152750015,0.0,0.0763130933046341,0.23267383873462677,0.40029922127723694,0.8644137978553772,1000000,e5abf7b1d774ecb3cee2b7669f355349b7f3b9a09f4d126b97957d809d94daa2
matrix,5,v_proj,v_proj,16777216,0.1302231103181839,0.0,0.10771109163761139,0.2764437794685364,0.43133068084716797,0.8321716785430908,1000000,e5abf7b1d774ecb3cee2b7669f355349b7f3b9a09f4d126b97957d809d94daa2
matrix,5,ff_proj,ff_proj,50331648,0.1238749623298645,0.0,0.10201486945152283,0.2616764307022095,0.41418981552124023,0.8979098796844482,1000000,2416eaf903555bb49df8c6b241c28907b3f0995ad7420289ee59c5aab243f0ee
matrix,5,up_proj,up_proj,50331648,0.12329629808664322,0.0,0.10208527743816376,0.2594379782676697,0.40918511152267456,0.8812181949615479,1000000,2416eaf903555bb49df8c6b241c28907b3f0995ad7420289ee59c5aab243f0ee
matrix,6,attn_out,attn_out,16777216,0.13053300976753235,0.0,0.10920752584934235,0.27327367663383484,0.42567741870880127,0.8484691977500916,1000000,e5abf7b1d774ecb3cee2b7669f355349b7f3b9a09f4d126b97957d809d94daa2
matrix,6,ff_out,ff_out,50331648,0.12948326766490936,0.0,0.10757976770401001,0.27165308594703674,0.4318711459636688,0.9308561682701111,1000000,2416eaf903555bb49df8c6b241c28907b3f0995ad7420289ee59c5aab243f0ee
matrix,6,q_proj,q_proj,16777216,0.10098307579755783,0.0,0.07616584002971649,0.22814367711544037,0.389139860868454,0.8430870771408081,1000000,e5abf7b1d774ecb3cee2b7669f355349b7f3b9a09f4d126b97957d809d94daa2
matrix,6,k_proj,k_proj,16777216,0.09976370632648468,0.0,0.07456904649734497,0.22748097777366638,0.3888225555419922,0.8272474408149719,1000000,e5abf7b1d774ecb3cee2b7669f355349b7f3b9a09f4d126b97957d809d94daa2
matrix,6,v_proj,v_proj,16777216,0.12972509860992432,0.0,0.10754358768463135,0.27502793073654175,0.4300602674484253,0.8864346742630005,1000000,e5abf7b1d774ecb3cee2b7669f355349b7f3b9a09f4d126b97957d809d94daa2
matrix,6,ff_proj,ff_proj,50331648,0.1257663071155548,0.0,0.10386461019515991,0.26446646451950073,0.41857197880744934,0.9222089648246765,1000000,2416eaf903555bb49df8c6b241c28907b3f0995ad7420289ee59c5aab243f0ee
matrix,6,up_proj,up_proj,50331648,0.12342642992734909,0.0,0.10243618488311768,0.2590736746788025,0.4084073305130005,0.8954149484634399,1000000,2416eaf903555bb49df8c6b241c28907b3f0995ad7420289ee59c5aab243f0ee
matrix,7,attn_out,attn_out,16777216,0.12893831729888916,0.0,0.10814778506755829,0.26879292726516724,0.41745996475219727,0.7747586965560913,1000000,e5abf7b1d774ecb3cee2b7669f355349b7f3b9a09f4d126b97957d809d94daa2
matrix,7,ff_out,ff_out,50331648,0.12963050603866577,0.0,0.10783028602600098,0.271417498588562,0.4306115508079529,0.9433826804161072,1000000,2416eaf903555bb49df8c6b241c28907b3f0995ad7420289ee59c5aab243f0ee
matrix,7,q_proj,q_proj,16777216,0.10960696637630463,0.0,0.08768784254789352,0.23838038742542267,0.3857259154319763,0.8056673407554626,1000000,e5abf7b1d774ecb3cee2b7669f355349b7f3b9a09f4d126b97957d809d94daa2
matrix,7,k_proj,k_proj,16777216,0.11116112768650055,0.0,0.08828677237033844,0.24297812581062317,0.39721471071243286,0.8497066497802734,1000000,e5abf7b1d774ecb3cee2b7669f355349b7f3b9a09f4d126b97957d809d94daa2
matrix,7,v_proj,v_proj,16777216,0.13030916452407837,0.0,0.10889841616153717,0.2738468050956726,0.4244140684604645,0.8041987419128418,1000000,e5abf7b1d774ecb3cee2b7669f355349b7f3b9a09f4d126b97957d809d94daa2
matrix,7,ff_proj,ff_proj,50331648,0.1289394050836563,0.0,0.10670236498117447,0.27140361070632935,0.4299536347389221,0.9429149031639099,1000000,2416eaf903555bb49df8c6b241c28907b3f0995ad7420289ee59c5aab243f0ee
matrix,7,up_proj,up_proj,50331648,0.1256408840417862,0.0,0.10434970259666443,0.2632790207862854,0.4172419309616089,0.899275541305542,1000000,2416eaf903555bb49df8c6b241c28907b3f0995ad7420289ee59c5aab243f0ee
matrix,8,attn_out,attn_out,16777216,0.1288585066795349,0.0,0.10820895433425903,0.26884233951568604,0.4170047640800476,0.7695040106773376,1000000,e5abf7b1d774ecb3cee2b7669f355349b7f3b9a09f4d126b97957d809d94daa2
matrix,8,ff_out,ff_out,50331648,0.12843681871891022,0.0,0.10688630491495132,0.268565833568573,0.4257453680038452,0.9310638308525085,1000000,2416eaf903555bb49df8c6b241c28907b3f0995ad7420289ee59c5aab243f0ee
matrix,8,q_proj,q_proj,16777216,0.10697667300701141,0.0,0.08532470464706421,0.23331408202648163,0.37928834557533264,0.7776875495910645,1000000,e5abf7b1d774ecb3cee2b7669f355349b7f3b9a09f4d126b97957d809d94daa2
matrix,8,k_proj,k_proj,16777216,0.10931917279958725,0.0,0.08596290647983551,0.23999109864234924,0.39639613032341003,0.8111339807510376,1000000,e5abf7b1d774ecb3cee2b7669f355349b7f3b9a09f4d126b97957d809d94daa2
matrix,8,v_proj,v_proj,16777216,0.12842585146427155,0.0,0.10747069120407104,0.2690097689628601,0.41902318596839905,0.8139668703079224,1000000,e5abf7b1d774ecb3cee2b7669f355349b7f3b9a09f4d126b97957d809d94daa2
matrix,8,ff_proj,ff_proj,50331648,0.12940044701099396,0.0,0.10705432295799255,0.27233436703681946,0.43148595094680786,0.9157230257987976,1000000,2416eaf903555bb49df8c6b241c28907b3f0995ad7420289ee59c5aab243f0ee
matrix,8,up_proj,up_proj,50331648,0.12517619132995605,0.0,0.10408560931682587,0.2625732719898224,0.4166634976863861,0.9036163091659546,1000000,2416eaf903555bb49df8c6b241c28907b3f0995ad7420289ee59c5aab243f0ee
matrix,9,attn_out,attn_out,16777216,0.12772884964942932,0.0,0.10728414356708527,0.26586228609085083,0.412316232919693,0.7885910868644714,1000000,e5abf7b1d774ecb3cee2b7669f355349b7f3b9a09f4d126b97957d809d94daa2
matrix,9,ff_out,ff_out,50331648,0.12799164652824402,0.0,0.10665609687566757,0.26853835582733154,0.4249286949634552,0.9033101797103882,1000000,2416eaf903555bb49df8c6b241c28907b3f0995ad7420289ee59c5aab243f0ee
matrix,9,q_proj,q_proj,16777216,0.10643576085567474,0.0,0.08509157598018646,0.23107314109802246,0.3762010633945465,0.7379176020622253,1000000,e5abf7b1d774ecb3cee2b7669f355349b7f3b9a09f4d126b97957d809d94daa2
matrix,9,k_proj,k_proj,16777216,0.1064813882112503,0.0,0.08460673689842224,0.23201166093349457,0.3792792558670044,0.8004899024963379,1000000,e5abf7b1d774ecb3cee2b7669f355349b7f3b9a09f4d126b97957d809d94daa2
matrix,9,v_proj,v_proj,16777216,0.12743374705314636,0.0,0.10645356774330139,0.2664954960346222,0.41440632939338684,0.7738374471664429,1000000,e5abf7b1d774ecb3cee2b7669f355349b7f3b9a09f4d126b97957d809d94daa2
matrix,9,ff_proj,ff_proj,50331648,0.1301272064447403,0.0,0.10795199871063232,0.2733573019504547,0.43141067028045654,0.8708835244178772,1000000,2416eaf903555bb49df8c6b241c28907b3f0995ad7420289ee59c5aab243f0ee
matrix,9,up_proj,up_proj,50331648,0.12505613267421722,0.0,0.10412357747554779,0.2618224322795868,0.41335561871528625,0.870137095451355,1000000,2416eaf903555bb49df8c6b241c28907b3f0995ad7420289ee59c5aab243f0ee
matrix,10,attn_out,attn_out,16777216,0.12830494344234467,0.0,0.10768139362335205,0.2677421271800995,0.41482722759246826,0.8180966973304749,1000000,e5abf7b1d774ecb3cee2b7669f355349b7f3b9a09f4d126b97957d809d94daa2
matrix,10,ff_out,ff_out,50331648,0.12762926518917084,0.0,0.10623203217983246,0.26724669337272644,0.4224667549133301,0.9233092665672302,1000000,2416eaf903555bb49df8c6b241c28907b3f0995ad7420289ee59c5aab243f0ee
matrix,10,q_proj,q_proj,16777216,0.11657293140888214,0.0,0.09526932239532471,0.24890899658203125,0.39673078060150146,0.7889091372489929,1000000,e5abf7b1d774ecb3cee2b7669f355349b7f3b9a09f4d126b97957d809d94daa2
matrix,10,k_proj,k_proj,16777216,0.11641041189432144,0.0,0.09490428864955902,0.24912205338478088,0.3967454135417938,0.7494340538978577,1000000,e5abf7b1d774ecb3cee2b7669f355349b7f3b9a09f4d126b97957d809d94daa2
matrix,10,v_proj,v_proj,16777216,0.12718361616134644,0.0,0.10632602870464325,0.2658595144748688,0.41285955905914307,0.7598727345466614,1000000,e5abf7b1d774ecb3cee2b7669f355349b7f3b9a09f4d126b97957d809d94daa2
matrix,10,ff_proj,ff_proj,50331648,0.13053949177265167,0.0,0.10842369496822357,0.2744048237800598,0.4330405592918396,0.9053129553794861,1000000,2416eaf903555bb49df8c6b241c28907b3f0995ad7420289ee59c5aab243f0ee
matrix,10,up_proj,up_proj,50331648,0.125072181224823,0.0,0.10424169898033142,0.26166191697120667,0.4128504991531372,0.8882958292961121,1000000,2416eaf903555bb49df8c6b241c28907b3f0995ad7420289ee59c5aab243f0ee
matrix,11,attn_out,attn_out,16777216,0.12708233296871185,0.0,0.10689608752727509,0.26531481742858887,0.4110777974128723,0.7911406755447388,1000000,e5abf7b1d774ecb3cee2b7669f355349b7f3b9a09f4d126b97957d809d94daa2
matrix,11,ff_out,ff_out,50331648,0.1278531700372696,0.0,0.10654766112565994,0.26738855242729187,0.4230653941631317,0.8872683048248291,1000000,2416eaf903555bb49df8c6b241c28907b3f0995ad7420289ee59c5aab243f0ee
matrix,11,q_proj,q_proj,16777216,0.10931377112865448,0.0,0.08853738009929657,0.2350383847951889,0.37688907980918884,0.7731881737709045,1000000,e5abf7b1d774ecb3cee2b7669f355349b7f3b9a09f4d126b97957d809d94daa2
matrix,11,k_proj,k_proj,16777216,0.10977338254451752,0.0,0.08874033391475677,0.23635981976985931,0.380846232175827,0.7450091242790222,1000000,e5abf7b1d774ecb3cee2b7669f355349b7f3b9a09f4d126b97957d809d94daa2
matrix,11,v_proj,v_proj,16777216,0.12649162113666534,0.0,0.10593186318874359,0.264107346534729,0.41093406081199646,0.7699854373931885,1000000,e5abf7b1d774ecb3cee2b7669f355349b7f3b9a09f4d126b97957d809d94daa2
matrix,11,ff_proj,ff_proj,50331648,0.1300458163022995,0.0,0.10794007778167725,0.2733890116214752,0.43209657073020935,0.8762953281402588,1000000,2416eaf903555bb49df8c6b241c28907b3f0995ad7420289ee59c5aab243f0ee
matrix,11,up_proj,up_proj,50331648,0.12470964342355728,0.0,0.1041853055357933,0.2614738345146179,0.409978985786438,0.9098482728004456,1000000,2416eaf903555bb49df8c6b241c28907b3f0995ad7420289ee59c5aab243f0ee
matrix,12,attn_out,attn_out,16777216,0.12895366549491882,0.0,0.10815681517124176,0.26838716864585876,0.416189044713974,0.7715314030647278,1000000,e5abf7b1d774ecb3cee2b7669f355349b7f3b9a09f4d126b97957d809d94daa2
matrix,12,ff_out,ff_out,50331648,0.12776164710521698,0.0,0.10633071511983871,0.26732170581817627,0.421163409948349,0.8701919913291931,1000000,2416eaf903555bb49df8c6b241c28907b3f0995ad7420289ee59c5aab243f0ee
matrix,12,q_proj,q_proj,16777216,0.1126917377114296,0.0,0.09209233522415161,0.24041865766048431,0.3844238817691803,0.75677889585495,1000000,e5abf7b1d774ecb3cee2b7669f355349b7f3b9a09f4d126b97957d809d94daa2
matrix,12,k_proj,k_proj,16777216,0.11309739202260971,0.0,0.09204456210136414,0.24214279651641846,0.389316588640213,0.7591853737831116,1000000,e5abf7b1d774ecb3cee2b7669f355349b7f3b9a09f4d126b97957d809d94daa2
matrix,12,v_proj,v_proj,16777216,0.1268095225095749,0.0,0.10633104294538498,0.2646545171737671,0.4120374321937561,0.7658575773239136,1000000,e5abf7b1d774ecb3cee2b7669f355349b7f3b9a09f4d126b97957d809d94daa2
matrix,12,ff_proj,ff_proj,50331648,0.13030175864696503,0.0,0.10770854353904724,0.27405714988708496,0.43470868468284607,0.8835993409156799,1000000,2416eaf903555bb49df8c6b241c28907b3f0995ad7420289ee59c5aab243f0ee
matrix,12,up_proj,up_proj,50331648,0.12481021881103516,0.0,0.10401935875415802,0.2610641419887543,0.4090518653392792,0.8795874118804932,1000000,2416eaf903555bb49df8c6b241c28907b3f0995ad7420289ee59c5aab243f0ee
matrix,13,attn_out,attn_out,16777216,0.13105621933937073,0.0,0.11044299602508545,0.2724178731441498,0.4217252731323242,0.7976813316345215,1000000,e5abf7b1d774ecb3cee2b7669f355349b7f3b9a09f4d126b97957d809d94daa2
matrix,13,ff_out,ff_out,50331648,0.12806734442710876,0.0,0.10677734017372131,0.26801520586013794,0.422870397567749,0.9182721972465515,1000000,2416eaf903555bb49df8c6b241c28907b3f0995ad7420289ee59c5aab243f0ee
matrix,13,q_proj,q_proj,16777216,0.11878717690706253,0.0,0.09836247563362122,0.2506757974624634,0.39416006207466125,0.7446417808532715,1000000,e5abf7b1d774ecb3cee2b7669f355349b7f3b9a09f4d126b97957d809d94daa2
matrix,13,k_proj,k_proj,16777216,0.11963686347007751,0.0,0.09919750690460205,0.25258496403694153,0.3971019983291626,0.7831941246986389,1000000,e5abf7b1d774ecb3cee2b7669f355349b7f3b9a09f4d126b97957d809d94daa2
matrix,13,v_proj,v_proj,16777216,0.12990954518318176,0.0,0.10930308699607849,0.27071863412857056,0.4187149107456207,0.7992241382598877,1000000,e5abf7b1d774ecb3cee2b7669f355349b7f3b9a09f4d126b97957d809d94daa2
matrix,13,ff_proj,ff_proj,50331648,0.1316857635974884,0.0,0.10883171856403351,0.27721625566482544,0.4417741894721985,0.9463381767272949,1000000,2416eaf903555bb49df8c6b241c28907b3f0995ad7420289ee59c5aab243f0ee
matrix,13,up_proj,up_proj,50331648,0.12573127448558807,0.0,0.10483425855636597,0.26332980394363403,0.41322800517082214,0.8510147929191589,1000000,2416eaf903555bb49df8c6b241c28907b3f0995ad7420289ee59c5aab243f0ee
matrix,14,attn_out,attn_out,16777216,0.1308288425207138,0.0,0.11016455292701721,0.2723136842250824,0.4216330647468567,0.7868784666061401,1000000,e5abf7b1d774ecb3cee2b7669f355349b7f3b9a09f4d126b97957d809d94daa2
matrix,14,ff_out,ff_out,50331648,0.12808842957019806,0.0,0.10664232820272446,0.2679404318332672,0.422848641872406,0.8591621518135071,1000000,2416eaf903555bb49df8c6b241c28907b3f0995ad7420289ee59c5aab243f0ee
matrix,14,q_proj,q_proj,16777216,0.11606541275978088,0.0,0.0950326919555664,0.24722419679164886,0.3936566710472107,0.7802228331565857,1000000,e5abf7b1d774ecb3cee2b7669f355349b7f3b9a09f4d126b97957d809d94daa2
matrix,14,k_proj,k_proj,16777216,0.11522725969552994,0.0,0.0943722277879715,0.24573424458503723,0.39047205448150635,0.7581525444984436,1000000,e5abf7b1d774ecb3cee2b7669f355349b7f3b9a09f4d126b97957d809d94daa2
matrix,14,v_proj,v_proj,16777216,0.1313183456659317,0.0,0.11013933271169662,0.2733226716518402,0.42341235280036926,0.787804126739502,1000000,e5abf7b1d774ecb3cee2b7669f355349b7f3b9a09f4d126b97957d809d94daa2
matrix,14,ff_proj,ff_proj,50331648,0.1309298723936081,0.0,0.10826121270656586,0.2758173942565918,0.43899083137512207,0.9287824630737305,1000000,2416eaf903555bb49df8c6b241c28907b3f0995ad7420289ee59c5aab243f0ee
matrix,14,up_proj,up_proj,50331648,0.12515932321548462,0.0,0.10450098663568497,0.2615644633769989,0.41103002429008484,0.8749808073043823,1000000,2416eaf903555bb49df8c6b241c28907b3f0995ad7420289ee59c5aab243f0ee
matrix,15,attn_out,attn_out,16777216,0.13129426538944244,0.0,0.1102723628282547,0.27268004417419434,0.4237450659275055,0.8355770111083984,1000000,e5abf7b1d774ecb3cee2b7669f355349b7f3b9a09f4d126b97957d809d94daa2
matrix,15,ff_out,ff_out,50331648,0.1282530575990677,0.0,0.10670910775661469,0.26858630776405334,0.4235436022281647,0.8804969787597656,1000000,2416eaf903555bb49df8c6b241c28907b3f0995ad7420289ee59c5aab243f0ee
matrix,15,q_proj,q_proj,16777216,0.11481434851884842,0.0,0.09417691826820374,0.24354326725006104,0.3887825310230255,0.8490708470344543,1000000,e5abf7b1d774ecb3cee2b7669f355349b7f3b9a09f4d126b97957d809d94daa2
matrix,15,k_proj,k_proj,16777216,0.1158103346824646,0.0,0.09460325539112091,0.24655285477638245,0.39657294750213623,0.8634501099586487,1000000,e5abf7b1d774ecb3cee2b7669f355349b7f3b9a09f4d126b97957d809d94daa2
matrix,15,v_proj,v_proj,16777216,0.1319090723991394,0.0,0.11086888611316681,0.2746669054031372,0.42786696553230286,0.9279058575630188,1000000,e5abf7b1d774ecb3cee2b7669f355349b7f3b9a09f4d126b97957d809d94daa2
matrix,15,ff_proj,ff_proj,50331648,0.13017404079437256,0.0,0.10769326984882355,0.27410635352134705,0.4344940483570099,0.8700931072235107,1000000,2416eaf903555bb49df8c6b241c28907b3f0995ad7420289ee59c5aab243f0ee
matrix,15,up_proj,up_proj,50331648,0.1260644942522049,0.0,0.1048269122838974,0.2643597424030304,0.41532766819000244,0.8661223649978638,1000000,2416eaf903555bb49df8c6b241c28907b3f0995ad7420289ee59c5aab243f0ee
matrix,16,attn_out,attn_out,16777216,0.13211940228939056,0.0,0.11111268401145935,0.2746562361717224,0.4252164959907532,0.7885863780975342,1000000,e5abf7b1d774ecb3cee2b7669f355349b7f3b9a09f4d126b97957d809d94daa2
matrix,16,ff_out,ff_out,50331648,0.12798108160495758,0.0,0.10663554072380066,0.26789599657058716,0.42259514331817627,0.9193020462989807,1000000,2416eaf903555bb49df8c6b241c28907b3f0995ad7420289ee59c5aab243f0ee
matrix,16,q_proj,q_proj,16777216,0.11965867877006531,0.0,0.09907029569149017,0.2525304853916168,0.3982338309288025,0.7565198540687561,1000000,e5abf7b1d774ecb3cee2b7669f355349b7f3b9a09f4d126b97957d809d94daa2
matrix,16,k_proj,k_proj,16777216,0.12073680013418198,0.0,0.09984276443719864,0.2542031705379486,0.40171781182289124,0.756230890750885,1000000,e5abf7b1d774ecb3cee2b7669f355349b7f3b9a09f4d126b97957d809d94daa2
matrix,16,v_proj,v_proj,16777216,0.13230274617671967,0.0,0.1113019734621048,0.27634844183921814,0.42804330587387085,0.7983582615852356,1000000,e5abf7b1d774ecb3cee2b7669f355349b7f3b9a09f4d126b97957d809d94daa2
matrix,16,ff_proj,ff_proj,50331648,0.13141746819019318,0.0,0.10832303762435913,0.2777827978134155,0.44339802861213684,0.9729939103126526,1000000,2416eaf903555bb49df8c6b241c28907b3f0995ad7420289ee59c5aab243f0ee
matrix,16,up_proj,up_proj,50331648,0.12585602700710297,0.0,0.10462327301502228,0.2635473608970642,0.41413795948028564,0.912641704082489,1000000,2416eaf903555bb49df8c6b241c28907b3f0995ad7420289ee59c5aab243f0ee
matrix,17,attn_out,attn_out,16777216,0.13229750096797943,0.0,0.11125082522630692,0.2747630774974823,0.4265822172164917,0.7889758944511414,1000000,e5abf7b1d774ecb3cee2b7669f355349b7f3b9a09f4d126b97957d809d94daa2
matrix,17,ff_out,ff_out,50331648,0.1265668421983719,0.0,0.1052270457148552,0.26542747020721436,0.4173488914966583,0.9228171706199646,1000000,2416eaf903555bb49df8c6b241c28907b3f0995ad7420289ee59c5aab243f0ee
matrix,17,q_proj,q_proj,16777216,0.11712808161973953,0.0,0.09664544463157654,0.24758966267108917,0.393094927072525,0.7648341655731201,1000000,e5abf7b1d774ecb3cee2b7669f355349b7f3b9a09f4d126b97957d809d94daa2
matrix,17,k_proj,k_proj,16777216,0.11685506254434586,0.0,0.09646326303482056,0.2476634979248047,0.39222097396850586,0.7835077047348022,1000000,e5abf7b1d774ecb3cee2b7669f355349b7f3b9a09f4d126b97957d809d94daa2
matrix,17,v_proj,v_proj,16777216,0.1326943337917328,0.0,0.11143720149993896,0.2765507698059082,0.42962023615837097,0.7720140218734741,1000000,e5abf7b1d774ecb3cee2b7669f355349b7f3b9a09f4d126b97957d809d94daa2
matrix,17,ff_proj,ff_proj,50331648,0.1300102174282074,0.0,0.1071183830499649,0.27417388558387756,0.4378425180912018,0.9740236401557922,1000000,2416eaf903555bb49df8c6b241c28907b3f0995ad7420289ee59c5aab243f0ee
matrix,17,up_proj,up_proj,50331648,0.12513945996761322,0.0,0.10410773754119873,0.26200026273727417,0.414096862077713,0.944768488407135,1000000,2416eaf903555bb49df8c6b241c28907b3f0995ad7420289ee59c5aab243f0ee
matrix,18,attn_out,attn_out,16777216,0.13039059937000275,0.0,0.10969947278499603,0.2712841331958771,0.4205964207649231,0.8007732033729553,1000000,e5abf7b1d774ecb3cee2b7669f355349b7f3b9a09f4d126b97957d809d94daa2
matrix,18,ff_out,ff_out,50331648,0.12479264289140701,0.0,0.10363613069057465,0.2618032693862915,0.4125344157218933,0.8469901084899902,1000000,2416eaf903555bb49df8c6b241c28907b3f0995ad7420289ee59c5aab243f0ee
matrix,18,q_proj,q_proj,16777216,0.11542703211307526,0.0,0.09504745900630951,0.244753897190094,0.38876283168792725,0.7359201908111572,1000000,e5abf7b1d774ecb3cee2b7669f355349b7f3b9a09f4d126b97957d809d94daa2
matrix,18,k_proj,k_proj,16777216,0.11562123149633408,0.0,0.09479887783527374,0.2453734576702118,0.38967207074165344,0.8001722693443298,1000000,e5abf7b1d774ecb3cee2b7669f355349b7f3b9a09f4d126b97957d809d94daa2
matrix,18,v_proj,v_proj,16777216,0.13120593130588531,0.0,0.11002194881439209,0.2730061709880829,0.42506906390190125,0.8008611798286438,1000000,e5abf7b1d774ecb3cee2b7669f355349b7f3b9a09f4d126b97957d809d94daa2
matrix,18,ff_proj,ff_proj,50331648,0.12844108045101166,0.0,0.10593293607234955,0.27124494314193726,0.4323260188102722,0.9250121116638184,1000000,2416eaf903555bb49df8c6b241c28907b3f0995ad7420289ee59c5aab243f0ee
matrix,18,up_proj,up_proj,50331648,0.12381544709205627,0.0,0.10265291482210159,0.25954195857048035,0.41101935505867004,0.8864809274673462,1000000,2416eaf903555bb49df8c6b241c28907b3f0995ad7420289ee59c5aab243f0ee
matrix,19,attn_out,attn_out,16777216,0.12960337102413177,0.0,0.10885316133499146,0.2698575556278229,0.4200884997844696,0.8572267889976501,1000000,e5abf7b1d774ecb3cee2b7669f355349b7f3b9a09f4d126b97957d809d94daa2
matrix,19,ff_out,ff_out,50331648,0.12440556287765503,0.0,0.10313539206981659,0.26082587242126465,0.41207364201545715,0.8516261577606201,1000000,2416eaf903555bb49df8c6b241c28907b3f0995ad7420289ee59c5aab243f0ee
matrix,19,q_proj,q_proj,16777216,0.11490137130022049,0.0,0.09449733793735504,0.24327702820301056,0.3847264349460602,0.7783347964286804,1000000,e5abf7b1d774ecb3cee2b7669f355349b7f3b9a09f4d126b97957d809d94daa2
matrix,19,k_proj,k_proj,16777216,0.11520407348871231,0.0,0.09487178921699524,0.2438954859972,0.38619792461395264,0.7630561590194702,1000000,e5abf7b1d774ecb3cee2b7669f355349b7f3b9a09f4d126b97957d809d94daa2
matrix,19,v_proj,v_proj,16777216,0.12884336709976196,0.0,0.10828272253274918,0.2684623599052429,0.41692936420440674,0.7867420315742493,1000000,e5abf7b1d774ecb3cee2b7669f355349b7f3b9a09f4d126b97957d809d94daa2
matrix,19,ff_proj,ff_proj,50331648,0.12728306651115417,0.0,0.10482481867074966,0.26857995986938477,0.4299124479293823,0.9003719687461853,1000000,2416eaf903555bb49df8c6b241c28907b3f0995ad7420289ee59c5aab243f0ee
matrix,19,up_proj,up_proj,50331648,0.12345413118600845,0.0,0.10260610282421112,0.2596735954284668,0.4092731773853302,0.8292794823646545,1000000,2416eaf903555bb49df8c6b241c28907b3f0995ad7420289ee59c5aab243f0ee
matrix,20,attn_out,attn_out,16777216,0.1300913244485855,0.0,0.10923518985509872,0.2705753445625305,0.42194774746894836,0.8127341866493225,1000000,e5abf7b1d774ecb3cee2b7669f355349b7f3b9a09f4d126b97957d809d94daa2
matrix,20,ff_out,ff_out,50331648,0.1250028759241104,0.0,0.10394293814897537,0.26270797848701477,0.4162772297859192,0.8555113077163696,1000000,2416eaf903555bb49df8c6b241c28907b3f0995ad7420289ee59c5aab243f0ee
matrix,20,q_proj,q_proj,16777216,0.11242730915546417,0.0,0.09231584519147873,0.23804788291454315,0.37857896089553833,0.810201108455658,1000000,e5abf7b1d774ecb3cee2b7669f355349b7f3b9a09f4d126b97957d809d94daa2
matrix,20,k_proj,k_proj,16777216,0.11284743249416351,0.0,0.09264752268791199,0.23913106322288513,0.38061901926994324,0.7499473094940186,1000000,e5abf7b1d774ecb3cee2b7669f355349b7f3b9a09f4d126b97957d809d94daa2
matrix,20,v_proj,v_proj,16777216,0.12920567393302917,0.0,0.10852411389350891,0.269466370344162,0.42217913269996643,0.8031216263771057,1000000,e5abf7b1d774ecb3cee2b7669f355349b7f3b9a09f4d126b97957d809d94daa2
matrix,20,ff_proj,ff_proj,50331648,0.12662585079669952,0.0,0.1041855663061142,0.26785576343536377,0.4292827546596527,0.9287115931510925,1000000,2416eaf903555bb49df8c6b241c28907b3f0995ad7420289ee59c5aab243f0ee
matrix,20,up_proj,up_proj,50331648,0.12356459349393845,0.0,0.10209530591964722,0.25969403982162476,0.4112369418144226,0.8852059245109558,1000000,2416eaf903555bb49df8c6b241c28907b3f0995ad7420289ee59c5aab243f0ee
matrix,21,attn_out,attn_out,16777216,0.13031989336013794,0.0,0.10931457579135895,0.2712339758872986,0.4227268695831299,0.8573405742645264,1000000,e5abf7b1d774ecb3cee2b7669f355349b7f3b9a09f4d126b97957d809d94daa2
matrix,21,ff_out,ff_out,50331648,0.12630300223827362,0.0,0.10465023666620255,0.26504307985305786,0.41995078325271606,0.851267397403717,1000000,2416eaf903555bb49df8c6b241c28907b3f0995ad7420289ee59c5aab243f0ee
matrix,21,q_proj,q_proj,16777216,0.11225514113903046,0.0,0.0925145149230957,0.23785579204559326,0.3770681321620941,0.7622331976890564,1000000,e5abf7b1d774ecb3cee2b7669f355349b7f3b9a09f4d126b97957d809d94daa2
matrix,21,k_proj,k_proj,16777216,0.11262097954750061,0.0,0.0927104502916336,0.23863205313682556,0.3782755732536316,0.7337608933448792,1000000,e5abf7b1d774ecb3cee2b7669f355349b7f3b9a09f4d126b97957d809d94daa2
matrix,21,v_proj,v_proj,16777216,0.1285056471824646,0.0,0.10755039751529694,0.26797765493392944,0.41889819502830505,0.7993196249008179,1000000,e5abf7b1d774ecb3cee2b7669f355349b7f3b9a09f4d126b97957d809d94daa2
matrix,21,ff_proj,ff_proj,50331648,0.1278018355369568,0.0,0.10486236959695816,0.27016574144363403,0.43402180075645447,0.8951331973075867,1000000,2416eaf903555bb49df8c6b241c28907b3f0995ad7420289ee59c5aab243f0ee
matrix,21,up_proj,up_proj,50331648,0.12527814507484436,0.0,0.10404661297798157,0.26390689611434937,0.4181682765483856,0.846440851688385,1000000,2416eaf903555bb49df8c6b241c28907b3f0995ad7420289ee59c5aab243f0ee
matrix,22,attn_out,attn_out,16777216,0.13281695544719696,0.0,0.11173027753829956,0.27685266733169556,0.4307706654071808,0.8318430781364441,1000000,e5abf7b1d774ecb3cee2b7669f355349b7f3b9a09f4d126b97957d809d94daa2
matrix,22,ff_out,ff_out,50331648,0.12760861217975616,0.0,0.1056482195854187,0.2686210870742798,0.4249444901943207,0.8947955369949341,1000000,2416eaf903555bb49df8c6b241c28907b3f0995ad7420289ee59c5aab243f0ee
matrix,22,q_proj,q_proj,16777216,0.11475726217031479,0.0,0.09432363510131836,0.24293233454227448,0.38579198718070984,0.7539710998535156,1000000,e5abf7b1d774ecb3cee2b7669f355349b7f3b9a09f4d126b97957d809d94daa2
matrix,22,k_proj,k_proj,16777216,0.11536422371864319,0.0,0.0948600023984909,0.24428009986877441,0.3884846866130829,0.7915991544723511,1000000,e5abf7b1d774ecb3cee2b7669f355349b7f3b9a09f4d126b97957d809d94daa2
matrix,22,v_proj,v_proj,16777216,0.13151197135448456,0.0,0.11028633266687393,0.2741380035877228,0.42755943536758423,0.857824444770813,1000000,e5abf7b1d774ecb3cee2b7669f355349b7f3b9a09f4d126b97957d809d94daa2
matrix,22,ff_proj,ff_proj,50331648,0.12885980308055878,0.0,0.1055915355682373,0.2724767327308655,0.43712934851646423,0.9118457436561584,1000000,2416eaf903555bb49df8c6b241c28907b3f0995ad7420289ee59c5aab243f0ee
matrix,22,up_proj,up_proj,50331648,0.12623856961727142,0.0,0.10466916859149933,0.26555168628692627,0.41944679617881775,0.8786776661872864,1000000,2416eaf903555bb49df8c6b241c28907b3f0995ad7420289ee59c5aab243f0ee
matrix,23,attn_out,attn_out,16777216,0.13510049879550934,0.0,0.11323362588882446,0.2819119989871979,0.43894216418266296,0.8324435353279114,1000000,e5abf7b1d774ecb3cee2b7669f355349b7f3b9a09f4d126b97957d809d94daa2
matrix,23,ff_out,ff_out,50331648,0.13238541781902313,0.0,0.10973069071769714,0.27856430411338806,0.4428514242172241,0.9022529721260071,1000000,2416eaf903555bb49df8c6b241c28907b3f0995ad7420289ee59c5aab243f0ee
matrix,23,q_proj,q_proj,16777216,0.11213427782058716,0.0,0.09179278463125229,0.2387445569038391,0.3799023926258087,0.7592570185661316,1000000,e5abf7b1d774ecb3cee2b7669f355349b7f3b9a09f4d126b97957d809d94daa2
matrix,23,k_proj,k_proj,16777216,0.112823985517025,0.0,0.09263823181390762,0.2403041273355484,0.381655216217041,0.7290219068527222,1000000,e5abf7b1d774ecb3cee2b7669f355349b7f3b9a09f4d126b97957d809d94daa2
matrix,23,v_proj,v_proj,16777216,0.13268984854221344,0.0,0.11103694140911102,0.2772778272628784,0.4334384799003601,0.8159735798835754,1000000,e5abf7b1d774ecb3cee2b7669f355349b7f3b9a09f4d126b97957d809d94daa2
matrix,23,ff_proj,ff_proj,50331648,0.1326282024383545,0.0,0.10860130935907364,0.28216347098350525,0.45600515604019165,0.9244257807731628,1000000,2416eaf903555bb49df8c6b241c28907b3f0995ad7420289ee59c5aab243f0ee
matrix,23,up_proj,up_proj,50331648,0.13004644215106964,0.0,0.10739077627658844,0.27387598156929016,0.4360921382904053,0.8853687644004822,1000000,2416eaf903555bb49df8c6b241c28907b3f0995ad7420289ee59c5aab243f0ee
matrix,24,attn_out,attn_out,16777216,0.13921108841896057,0.0,0.116756871342659,0.29030197858810425,0.4529428482055664,0.8482294082641602,1000000,e5abf7b1d774ecb3cee2b7669f355349b7f3b9a09f4d126b97957d809d94daa2
matrix,24,ff_out,ff_out,50331648,0.13799916207790375,0.0,0.1140504702925682,0.2907453179359436,0.4634307324886322,0.9148698449134827,1000000,2416eaf903555bb49df8c6b241c28907b3f0995ad7420289ee59c5aab243f0ee
matrix,24,q_proj,q_proj,16777216,0.11465053260326385,0.0,0.0938943475484848,0.24363096058368683,0.3902503252029419,0.8326342105865479,1000000,e5abf7b1d774ecb3cee2b7669f355349b7f3b9a09f4d126b97957d809d94daa2
matrix,24,k_proj,k_proj,16777216,0.11561917513608932,0.0,0.09473412483930588,0.2454591989517212,0.3932531476020813,0.8407766819000244,1000000,e5abf7b1d774ecb3cee2b7669f355349b7f3b9a09f4d126b97957d809d94daa2
matrix,24,v_proj,v_proj,16777216,0.13577990233898163,0.0,0.11384442448616028,0.28361883759498596,0.4427530765533447,0.9064376950263977,1000000,e5abf7b1d774ecb3cee2b7669f355349b7f3b9a09f4d126b97957d809d94daa2
matrix,24,ff_proj,ff_proj,50331648,0.13612580299377441,0.0,0.11118766665458679,0.28974539041519165,0.466861367225647,0.9481569528579712,1000000,2416eaf903555bb49df8c6b241c28907b3f0995ad7420289ee59c5aab243f0ee
matrix,24,up_proj,up_proj,50331648,0.1340096890926361,0.0,0.11084601283073425,0.28274622559547424,0.45009180903434753,0.9012994766235352,1000000,2416eaf903555bb49df8c6b241c28907b3f0995ad7420289ee59c5aab243f0ee
matrix,25,attn_out,attn_out,16777216,0.1456514596939087,0.0,0.12205527722835541,0.3040146827697754,0.472622811794281,0.8596004843711853,1000000,e5abf7b1d774ecb3cee2b7669f355349b7f3b9a09f4d126b97957d809d94daa2
matrix,25,ff_out,ff_out,50331648,0.14501546323299408,0.0,0.11987313628196716,0.3061520457267761,0.48773083090782166,0.9501798748970032,1000000,2416eaf903555bb49df8c6b241c28907b3f0995ad7420289ee59c5aab243f0ee
matrix,25,q_proj,q_proj,16777216,0.11579404026269913,0.0,0.09430296719074249,0.24693280458450317,0.3953605592250824,0.7839553952217102,1000000,e5abf7b1d774ecb3cee2b7669f355349b7f3b9a09f4d126b97957d809d94daa2
matrix,25,k_proj,k_proj,16777216,0.11647826433181763,0.0,0.09518605470657349,0.24824562668800354,0.39742711186408997,0.8164781332015991,1000000,e5abf7b1d774ecb3cee2b7669f355349b7f3b9a09f4d126b97957d809d94daa2
matrix,25,v_proj,v_proj,16777216,0.1418035924434662,0.0,0.11833611875772476,0.2963545322418213,0.46618056297302246,0.8643799424171448,1000000,e5abf7b1d774ecb3cee2b7669f355349b7f3b9a09f4d126b97957d809d94daa2
matrix,25,ff_proj,ff_proj,50331648,0.1418130248785019,0.0,0.11583620309829712,0.3013281226158142,0.48402324318885803,0.9421495795249939,1000000,2416eaf903555bb49df8c6b241c28907b3f0995ad7420289ee59c5aab243f0ee
matrix,25,up_proj,up_proj,50331648,0.1388939470052719,0.0,0.11403429508209229,0.29411235451698303,0.46970272064208984,0.9008235931396484,1000000,2416eaf903555bb49df8c6b241c28907b3f0995ad7420289ee59c5aab243f0ee
matrix,26,attn_out,attn_out,16777216,0.15037907660007477,0.0,0.12645691633224487,0.31339359283447266,0.4844144284725189,0.8650211095809937,1000000,e5abf7b1d774ecb3cee2b7669f355349b7f3b9a09f4d126b97957d809d94daa2
matrix,26,ff_out,ff_out,50331648,0.15237964689731598,0.0,0.125278502702713,0.3226969838142395,0.5171818733215332,0.9685148000717163,1000000,2416eaf903555bb49df8c6b241c28907b3f0995ad7420289ee59c5aab243f0ee
matrix,26,q_proj,q_proj,16777216,0.12073647975921631,0.0,0.09869617223739624,0.25756484270095825,0.4100608229637146,0.801625669002533,1000000,e5abf7b1d774ecb3cee2b7669f355349b7f3b9a09f4d126b97957d809d94daa2
matrix,26,k_proj,k_proj,16777216,0.12204673886299133,0.0,0.09968602657318115,0.2597574293613434,0.41704216599464417,0.8720567226409912,1000000,e5abf7b1d774ecb3cee2b7669f355349b7f3b9a09f4d126b97957d809d94daa2
matrix,26,v_proj,v_proj,16777216,0.14797274768352509,0.0,0.123771071434021,0.3089372515678406,0.4833143353462219,0.8785741925239563,1000000,e5abf7b1d774ecb3cee2b7669f355349b7f3b9a09f4d126b97957d809d94daa2
matrix,26,ff_proj,ff_proj,50331648,0.14702031016349792,0.0,0.1205318421125412,0.3124387860298157,0.4992532432079315,0.9574421048164368,1000000,2416eaf903555bb49df8c6b241c28907b3f0995ad7420289ee59c5aab243f0ee
matrix,26,up_proj,up_proj,50331648,0.1434834748506546,0.0,0.11745540052652359,0.304216593503952,0.4912359416484833,0.9447497725486755,1000000,2416eaf903555bb49df8c6b241c28907b3f0995ad7420289ee59c5aab243f0ee
matrix,27,attn_out,attn_out,16777216,0.15654368698596954,0.0,0.13134485483169556,0.32722628116607666,0.5056973099708557,0.8927099108695984,1000000,e5abf7b1d774ecb3cee2b7669f355349b7f3b9a09f4d126b97957d809d94daa2
matrix,27,ff_out,ff_out,50331648,0.1612117737531662,0.0,0.13243722915649414,0.34057003259658813,0.5438976287841797,0.9751898646354675,1000000,2416eaf903555bb49df8c6b241c28907b3f0995ad7420289ee59c5aab243f0ee
matrix,27,q_proj,q_proj,16777216,0.12487244606018066,0.0,0.10019052773714066,0.26768290996551514,0.447191447019577,0.888088047504425,1000000,e5abf7b1d774ecb3cee2b7669f355349b7f3b9a09f4d126b97957d809d94daa2
matrix,27,k_proj,k_proj,16777216,0.12750908732414246,0.0,0.10241436958312988,0.27302250266075134,0.45970258116722107,0.8864100575447083,1000000,e5abf7b1d774ecb3cee2b7669f355349b7f3b9a09f4d126b97957d809d94daa2
matrix,27,v_proj,v_proj,16777216,0.15470761060714722,0.0,0.12844470143318176,0.32373079657554626,0.5159250497817993,0.9079501032829285,1000000,e5abf7b1d774ecb3cee2b7669f355349b7f3b9a09f4d126b97957d809d94daa2
matrix,27,ff_proj,ff_proj,50331648,0.15424586832523346,0.0,0.12674319744110107,0.3270684778690338,0.5179492235183716,0.920937180519104,1000000,2416eaf903555bb49df8c6b241c28907b3f0995ad7420289ee59c5aab243f0ee
matrix,27,up_proj,up_proj,50331648,0.15063676238059998,0.0,0.12300669401884079,0.3209579288959503,0.5184409022331238,0.9464658498764038,1000000,2416eaf903555bb49df8c6b241c28907b3f0995ad7420289ee59c5aab243f0ee
matrix,28,attn_out,attn_out,16777216,0.15527625381946564,0.0,0.13044722378253937,0.3246192932128906,0.5012605786323547,0.8901047706604004,1000000,e5abf7b1d774ecb3cee2b7669f355349b7f3b9a09f4d126b97957d809d94daa2
matrix,28,ff_out,ff_out,50331648,0.1649869829416275,0.0,0.13619720935821533,0.3489592671394348,0.5520765781402588,0.9678792953491211,1000000,2416eaf903555bb49df8c6b241c28907b3f0995ad7420289ee59c5aab243f0ee
matrix,28,q_proj,q_proj,16777216,0.12425781786441803,0.0,0.09948990494012833,0.26734739542007446,0.4447195827960968,0.9099547863006592,1000000,e5abf7b1d774ecb3cee2b7669f355349b7f3b9a09f4d126b97957d809d94daa2
matrix,28,k_proj,k_proj,16777216,0.12505438923835754,0.0,0.09996668994426727,0.26899147033691406,0.4512386620044708,0.8754276633262634,1000000,e5abf7b1d774ecb3cee2b7669f355349b7f3b9a09f4d126b97957d809d94daa2
matrix,28,v_proj,v_proj,16777216,0.15458346903324127,0.0,0.12851548194885254,0.32444271445274353,0.5158690214157104,0.915126621723175,1000000,e5abf7b1d774ecb3cee2b7669f355349b7f3b9a09f4d126b97957d809d94daa2
matrix,28,ff_proj,ff_proj,50331648,0.1595902442932129,0.0,0.1316821575164795,0.33833858370780945,0.5339806079864502,0.967833936214447,1000000,2416eaf903555bb49df8c6b241c28907b3f0995ad7420289ee59c5aab243f0ee
matrix,28,up_proj,up_proj,50331648,0.15784576535224915,0.0,0.1291569471359253,0.33682695031166077,0.5407578945159912,0.9728100299835205,1000000,2416eaf903555bb49df8c6b241c28907b3f0995ad7420289ee59c5aab243f0ee
matrix,29,attn_out,attn_out,16777216,0.15679049491882324,0.0,0.13148462772369385,0.32799214124679565,0.5058772563934326,0.8923593759536743,1000000,e5abf7b1d774ecb3cee2b7669f355349b7f3b9a09f4d126b97957d809d94daa2
matrix,29,ff_out,ff_out,50331648,0.16548822820186615,0.0,0.13705354928970337,0.3496810793876648,0.5464414358139038,0.9440408945083618,1000000,2416eaf903555bb49df8c6b241c28907b3f0995ad7420289ee59c5aab243f0ee
matrix,29,q_proj,q_proj,16777216,0.12435894459486008,0.0,0.09934160858392715,0.2690625786781311,0.44224515557289124,0.8920878171920776,1000000,e5abf7b1d774ecb3cee2b7669f355349b7f3b9a09f4d126b97957d809d94daa2
matrix,29,k_proj,k_proj,16777216,0.12463632971048355,0.0,0.0995681956410408,0.26996976137161255,0.44134753942489624,0.8960344195365906,1000000,e5abf7b1d774ecb3cee2b7669f355349b7f3b9a09f4d126b97957d809d94daa2
matrix,29,v_proj,v_proj,16777216,0.15848688781261444,0.0,0.13233652710914612,0.3323920965194702,0.5155128240585327,0.8986406922340393,1000000,e5abf7b1d774ecb3cee2b7669f355349b7f3b9a09f4d126b97957d809d94daa2
matrix,29,ff_proj,ff_proj,50331648,0.15986542403697968,0.0,0.1322948932647705,0.33783629536628723,0.5323827862739563,0.9507957100868225,1000000,2416eaf903555bb49df8c6b241c28907b3f0995ad7420289ee59c5aab243f0ee
matrix,29,up_proj,up_proj,50331648,0.16126668453216553,0.0,0.13209810853004456,0.34259146451950073,0.5485443472862244,0.9689433574676514,1000000,2416eaf903555bb49df8c6b241c28907b3f0995ad7420289ee59c5aab243f0ee
matrix,30,attn_out,attn_out,16777216,0.16231092810630798,0.0,0.1367921233177185,0.3386175036430359,0.5204159617424011,0.9272525310516357,1000000,e5abf7b1d774ecb3cee2b7669f355349b7f3b9a09f4d126b97957d809d94daa2
matrix,30,ff_out,ff_out,50331648,0.1674787849187851,0.0,0.13883720338344574,0.35379260778427124,0.5512609481811523,0.9644927978515625,1000000,2416eaf903555bb49df8c6b241c28907b3f0995ad7420289ee59c5aab243f0ee
matrix,30,q_proj,q_proj,16777216,0.12979792058467865,0.0,0.10368800163269043,0.28040194511413574,0.45959004759788513,0.8793212175369263,1000000,e5abf7b1d774ecb3cee2b7669f355349b7f3b9a09f4d126b97957d809d94daa2
matrix,30,k_proj,k_proj,16777216,0.13301509618759155,0.0,0.10617388784885406,0.28788667917251587,0.4748341143131256,0.9163585901260376,1000000,e5abf7b1d774ecb3cee2b7669f355349b7f3b9a09f4d126b97957d809d94daa2
matrix,30,v_proj,v_proj,16777216,0.16103217005729675,0.0,0.13511598110198975,0.3369320034980774,0.51912522315979,0.9524315595626831,1000000,e5abf7b1d774ecb3cee2b7669f355349b7f3b9a09f4d126b97957d809d94daa2
matrix,30,ff_proj,ff_proj,50331648,0.15921619534492493,0.0,0.13094015419483185,0.33764445781707764,0.5346816778182983,0.9720091819763184,1000000,2416eaf903555bb49df8c6b241c28907b3f0995ad7420289ee59c5aab243f0ee
matrix,30,up_proj,up_proj,50331648,0.1636664718389511,0.0,0.13302890956401825,0.3494393229484558,0.5670520067214966,0.9799917936325073,1000000,2416eaf903555bb49df8c6b241c28907b3f0995ad7420289ee59c5aab243f0ee
matrix,31,attn_out,attn_out,16777216,0.17086543142795563,0.0,0.14390206336975098,0.35610952973365784,0.5460139513015747,0.9224178194999695,1000000,e5abf7b1d774ecb3cee2b7669f355349b7f3b9a09f4d126b97957d809d94daa2
matrix,31,ff_out,ff_out,50331648,0.1706148386001587,0.0,0.14086616039276123,0.3601338565349579,0.565891444683075,0.9717186689376831,1000000,2416eaf903555bb49df8c6b241c28907b3f0995ad7420289ee59c5aab243f0ee
matrix,31,q_proj,q_proj,16777216,0.13208125531673431,0.0,0.10489099472761154,0.28670498728752136,0.4817678928375244,0.8887221217155457,1000000,e5abf7b1d774ecb3cee2b7669f355349b7f3b9a09f4d126b97957d809d94daa2
matrix,31,k_proj,k_proj,16777216,0.13503924012184143,0.0,0.10684379935264587,0.2931150794029236,0.4986061155796051,0.9023820757865906,1000000,e5abf7b1d774ecb3cee2b7669f355349b7f3b9a09f4d126b97957d809d94daa2
matrix,31,v_proj,v_proj,16777216,0.16848011314868927,0.0,0.140272855758667,0.35316041111946106,0.5544479489326477,0.931988537311554,1000000,e5abf7b1d774ecb3cee2b7669f355349b7f3b9a09f4d126b97957d809d94daa2
matrix,31,ff_proj,ff_proj,50331648,0.1607973873615265,0.0,0.13109585642814636,0.3434104323387146,0.5600938200950623,0.977408766746521,1000000,2416eaf903555bb49df8c6b241c28907b3f0995ad7420289ee59c5aab243f0ee
matrix,31,up_proj,up_proj,50331648,0.1643231362104416,0.0,0.130909264087677,0.3536829948425293,0.597911536693573,0.9789931774139404,1000000,2416eaf903555bb49df8c6b241c28907b3f0995ad7420289ee59c5aab243f0ee
weighted_overall,,,all,6979321856,0.1272136773645448,0.0,0.10277916491031647,0.2738955616950989,0.4482118487358093,0.9799917936325073,1000064,5fd9d005320352e9b4dffe7b199d44d6b94d43214b01ecdb46f6b680f40507f8
module_type,,,attn_out,536870912,0.13542509987019002,0.0,0.11244726926088333,0.2837357521057129,0.44924306869506836,0.9272525310516357,1000000,0e60a14dccd35a55665a0f6e758cac77beaa5831221714c2c08ca66588bbf84e
module_type,,,ff_out,1610612736,0.13267833017744124,0.0,0.10793823003768921,0.28181159496307373,0.4600122272968292,0.9751898646354675,1000000,1a824c760ef9c5491bbf66330bf2288d122c988290ecaa5f2532c705e90b0ee2
module_type,,,ff_proj,1610612736,0.12998890387825668,0.0,0.10479026287794113,0.2791774868965149,0.45657697319984436,0.977408766746521,1000000,db28dcaaccf093f8225adb150e01573f8cc24a9e23e9a8a7b0eb07466fecc761
module_type,,,k_proj,536870912,0.10841528384480625,0.0,0.08407977968454361,0.24338993430137634,0.4057143032550812,0.9163585901260376,1000000,65449bf2ae4142fa7a354407bf60d4b16620638603b1dc23f7e5160e83756280
module_type,,,q_proj,536870912,0.10732854343950748,0.0,0.08326436579227448,0.24056999385356903,0.3994913697242737,0.9099547863006592,1000000,0bda059e359baf179a41267540fbb3e02a6ef5041decac0b347b7feebf82085e
module_type,,,up_proj,1610612736,0.1274833008646965,0.0,0.10314084589481354,0.2726728320121765,0.44959670305252075,0.9799917936325073,1000000,5c8825bb02ea1ac057f1e701c36067c1e0858365eb158adde1da47247c813f88
module_type,,,v_proj,536870912,0.13215727382339537,0.0,0.10847148299217224,0.28108149766921997,0.44886836409568787,0.9524315595626831,1000000,edda7185ee7877cd54960ff4bec803794364e0d43fe047ed7fdca52b4b8d8f00
